model,bin_lower,bin_upper,count,responders,mean_predicted_probability,observed_response_rate,observed_minus_predicted,observed_rate_wilson_lower_95,observed_rate_wilson_upper_95
logistic,0.0,0.05,38787,147,0.0034661126957180642,0.003789929615592853,0.00032381691987478896,0.00322562886754103,0.0044525097760064304
logistic,0.05,0.1,3699,215,0.07075822563587487,0.05812381724790484,-0.012634408387970038,0.05103206943446355,0.06613240105271385
logistic,0.1,0.15,4698,565,0.1256083625668696,0.12026394210302256,-0.005344420463847047,0.11127169079775134,0.12987669090567638
logistic,0.15,0.2,4191,740,0.17474134726793855,0.17656883798616083,0.0018274907182222744,0.16532241266128803,0.1884076325351877
logistic,0.2,0.25,4982,1092,0.2261857123459637,0.21918908069048576,-0.006996631655477953,0.20792024427287156,0.23089063186320732
logistic,0.25,0.3,6859,1995,0.2758716360760293,0.29085872576177285,0.014987089685743527,0.28023022567470585,0.30172135848836373
logistic,0.3,0.4,11350,3967,0.340515100012357,0.34951541850220263,0.009000318489845616,0.3407956049280754,0.3583370619856287
logistic,0.4,0.5,1602,602,0.4286667891596414,0.3757802746566791,-0.05288651450296228,0.3523873431218862,0.39976751761244483
logistic,0.5,0.6,53,19,0.5201778496208274,0.3584905660377358,-0.16168728358309153,0.2430195255280876,0.49308858444640524
logistic,0.6,0.8,1,0,0.6035909642870789,0.0,-0.6035909642870789,0.0,0.7934506856227626
catboost,0.0,0.05,39833,164,0.00427647774572681,0.004117189265182135,-0.00015928848054467485,0.003534394985421321,0.004795619309605516
catboost,0.05,0.1,4164,300,0.0768052425622815,0.07204610951008646,-0.004759133052195039,0.06458080387242582,0.0803002970012032
catboost,0.1,0.15,4321,536,0.12461897151671479,0.12404535987040037,-0.0005736116463144203,0.11454949148666513,0.13420909748460702
catboost,0.15,0.2,4069,706,0.17505318324709035,0.1735070041779307,-0.0015461790691596589,0.16218093359252087,0.18544896389694734
catboost,0.2,0.25,4347,1047,0.22580773760399528,0.24085576259489302,0.015048024990897746,0.22837670363778964,0.25379243046559796
catboost,0.25,0.3,6217,1717,0.27706019238768537,0.2761782210069165,-0.0008819713807688423,0.26520506281173406,0.28742780551930003
catboost,0.3,0.4,10349,3611,0.34504131920548453,0.34892260121750895,0.003881282012024423,0.33979729377004214,0.35816002428240684
catboost,0.4,0.5,2607,1091,0.43356582956210193,0.41848868431146913,-0.015077145250632806,0.39968572400165947,0.4375315077976353
catboost,0.5,0.6,294,156,0.5249885028054082,0.5306122448979592,0.0056237420925510095,0.47353862911743994,0.5868962078299453
catboost,0.6,0.8,21,14,0.6599109682634597,0.6666666666666666,0.006755698403206889,0.4537345197425524,0.8280524739491653
