fold,model,training_count,validation_count,training_response_rate,validation_response_rate,training_index_sha256,validation_index_sha256,roc_auc,average_precision,top_10_lift,top_10_responder_capture_rate,fit_and_score_seconds,warnings,training_premium_scaler_mean,fit_rows
1,logistic,304887,76222,0.12256344153735646,0.12256303954238934,4441bcc258881c53a771fc8b06c7bcb4e05a2bf2b5c03dbdba1ac5f7ef2017b1,b915f999c0ec60d69c039e8a35feb1a4ab38064240ff982ddb9e97ed2cc7bb5d,0.8483760348388049,0.332630925375357,2.926261056348053,0.29265681866837934,2.3028192999991006,,30526.50237629023,
1,catboost,304887,76222,0.12256344153735646,0.12256303954238934,4441bcc258881c53a771fc8b06c7bcb4e05a2bf2b5c03dbdba1ac5f7ef2017b1,b915f999c0ec60d69c039e8a35feb1a4ab38064240ff982ddb9e97ed2cc7bb5d,0.8581179147729193,0.37231832212368354,3.2270216111519314,0.3227360308285164,125.52930609999748,,,304887.0
2,logistic,304887,76222,0.12256344153735646,0.12256303954238934,c56c3c4fc8028c0355ceab697d7136294871c54472afc52e7b6296118c3eba84,d64ca6e17dcb44f51b222aceef517b18722c2977c348a734e594a263d6e572fa,0.848315775677114,0.33283994036128134,2.931612667643496,0.2931920359666024,2.070136599999387,,30568.026698416135,
2,catboost,304887,76222,0.12256344153735646,0.12256303954238934,c56c3c4fc8028c0355ceab697d7136294871c54472afc52e7b6296118c3eba84,d64ca6e17dcb44f51b222aceef517b18722c2977c348a734e594a263d6e572fa,0.8573626381769732,0.36986813067999524,3.2387951560019053,0.3239135088846071,126.15929329999926,,,304887.0
3,logistic,304887,76222,0.12256344153735646,0.12256303954238934,5d42078693ddebd6243d8a8007d8b811b1fb1914edb62a812940032e0111b8f8,212f62cd0382a20404c2517fcb7f571a61976aad99662708a498ff97755c6e6a,0.8482109465509984,0.3349297621810696,2.9391049234571156,0.2939413401841148,2.5672016000025906,,30589.892419158572,
3,catboost,304887,76222,0.12256344153735646,0.12256303954238934,5d42078693ddebd6243d8a8007d8b811b1fb1914edb62a812940032e0111b8f8,212f62cd0382a20404c2517fcb7f571a61976aad99662708a498ff97755c6e6a,0.8588721446221161,0.37567263760093716,3.2366545114837284,0.3236994219653179,128.883988900001,,,304887.0
4,logistic,304887,76222,0.12256344153735646,0.12256303954238934,440f47cc9427110e0190e3852b7fdeef0ed3d7030cdef20e047820d30abeed7c,4925059a09e19a723be787a2f6a43ae4b072f8020915521f9a3331e2fc06de31,0.8500855603430615,0.3407824261966967,3.0183087706296674,0.3018625561978163,2.302341599999636,,30566.796865724024,
4,catboost,304887,76222,0.12256344153735646,0.12256303954238934,440f47cc9427110e0190e3852b7fdeef0ed3d7030cdef20e047820d30abeed7c,4925059a09e19a723be787a2f6a43ae4b072f8020915521f9a3331e2fc06de31,0.8598192903774075,0.37587176312745396,3.2773267573290927,0.3277670734318133,126.38168679999944,,,304887.0
5,logistic,304888,76221,0.12256303954238934,0.12256464753808005,7be96a122481066a22b2552f75d28173dd7013be5706c5fc41ec59ae9c3e2823,b0e7e83efa5bef8460b79a7753668ab8df36a0124cc03c979484de7ee7142103,0.8516890370835557,0.34179928202107057,2.9893708498542972,0.2989723827874117,2.2732197000004817,,30570.729526908242,
5,catboost,304888,76221,0.12256303954238934,0.12256464753808005,7be96a122481066a22b2552f75d28173dd7013be5706c5fc41ec59ae9c3e2823,b0e7e83efa5bef8460b79a7753668ab8df36a0124cc03c979484de7ee7142103,0.8605014864522262,0.37707174128224763,3.287986842374651,0.32883750802825945,123.78351920000568,,,304888.0
