model,evaluation,roc_auc,average_precision,log_loss,brier_score,validation_count,responders,overall_response_rate,fit_and_score_seconds,training_count,training_index_sha256,validation_index_sha256,top_5_selected_count,top_5_responders_captured,top_5_responder_capture_rate,top_5_response_rate,top_5_lift,top_10_selected_count,top_10_responders_captured,top_10_responder_capture_rate,top_10_response_rate,top_10_lift,top_20_selected_count,top_20_responders_captured,top_20_responder_capture_rate,top_20_response_rate,top_20_lift,warnings,fold,preprocessing_fit_rows,preprocessing_fit_index_sha256,training_category_cardinalities,member_fit_and_score_seconds,blend_and_score_seconds
logistic,cv,0.8483760348388049,0.332630925375357,0.2690475811694336,0.08819945045746724,76222,9342,0.12256303954238934,3.4820857000013348,304887,4441bcc258881c53a771fc8b06c7bcb4e05a2bf2b5c03dbdba1ac5f7ef2017b1,b915f999c0ec60d69c039e8a35feb1a4ab38064240ff982ddb9e97ed2cc7bb5d,3812,1407,0.1506101477199743,0.3690975865687303,3.0114917837124557,7623,2734,0.29265681866837934,0.35865144956054046,2.926261056348053,15245,5225,0.5593020766431172,0.3427353230567399,2.7964003204914185,,1,,,,,
catboost,cv,0.8581179147729193,0.37231832212368354,0.2640635567237496,0.08650762051873782,76222,9342,0.12256303954238934,198.2284129999898,304887,4441bcc258881c53a771fc8b06c7bcb4e05a2bf2b5c03dbdba1ac5f7ef2017b1,b915f999c0ec60d69c039e8a35feb1a4ab38064240ff982ddb9e97ed2cc7bb5d,3812,1614,0.17276814386640976,0.4233997901364113,3.454547078117913,7623,3015,0.3227360308285164,0.3955135773317591,3.2270216111519314,15245,5458,0.5842432027403126,0.3580190226303706,2.9211010429171598,,1,304887.0,4441bcc258881c53a771fc8b06c7bcb4e05a2bf2b5c03dbdba1ac5f7ef2017b1,,,
lightgbm,cv,0.8573772846288152,0.3706250772022798,0.2643511951642895,0.08662008012166625,76222,9342,0.12256303954238934,13.090091000005486,304887,4441bcc258881c53a771fc8b06c7bcb4e05a2bf2b5c03dbdba1ac5f7ef2017b1,b915f999c0ec60d69c039e8a35feb1a4ab38064240ff982ddb9e97ed2cc7bb5d,3812,1591,0.1703061442945836,0.41736621196222456,3.4053187120728623,7623,2976,0.31856133590237634,0.3903974813065722,3.1852790430474784,15245,5406,0.5786769428387926,0.35460806821908825,2.8932708387706425,,1,304887.0,4441bcc258881c53a771fc8b06c7bcb4e05a2bf2b5c03dbdba1ac5f7ef2017b1,"[2, 2, 53, 2, 3, 2, 155]",,
xgboost,cv,0.8572224693440849,0.3689904822383366,0.2644249200820923,0.08665449917316437,76222,9342,0.12256303954238934,28.329435699997703,304887,4441bcc258881c53a771fc8b06c7bcb4e05a2bf2b5c03dbdba1ac5f7ef2017b1,b915f999c0ec60d69c039e8a35feb1a4ab38064240ff982ddb9e97ed2cc7bb5d,3812,1597,0.1709484050524513,0.4189401888772298,3.418160894519397,7623,2987,0.31973881395846715,0.39184048274957367,3.1970525878974527,15245,5413,0.5794262470563049,0.3550672351590686,2.8970172124057507,,1,304887.0,4441bcc258881c53a771fc8b06c7bcb4e05a2bf2b5c03dbdba1ac5f7ef2017b1,"[2, 2, 53, 2, 3, 2, 155]",,
ensemble_equal_boost,cv,0.8581500998346716,0.37281138908313993,0.2638975801785633,0.08647490087386757,76222,9342,0.12256303954238934,,304887,4441bcc258881c53a771fc8b06c7bcb4e05a2bf2b5c03dbdba1ac5f7ef2017b1,b915f999c0ec60d69c039e8a35feb1a4ab38064240ff982ddb9e97ed2cc7bb5d,3812,1614,0.17276814386640976,0.4233997901364113,3.454547078117913,7623,2991,0.3201669877970456,0.3923652105470287,3.201333876933807,15245,5430,0.5812459858702633,0.3561823548704493,2.9061155483767274,,1,,,,239.647939699993,0.15850679999857675
ensemble_cat_light_50_50,cv,0.8583634569121907,0.3737408287691717,0.26381344881070534,0.08644028346495722,76222,9342,0.12256303954238934,,304887,4441bcc258881c53a771fc8b06c7bcb4e05a2bf2b5c03dbdba1ac5f7ef2017b1,b915f999c0ec60d69c039e8a35feb1a4ab38064240ff982ddb9e97ed2cc7bb5d,3812,1621,0.17351744808392208,0.4252360965372508,3.4695296243055376,7623,3000,0.32113037893384716,0.39354584809130266,3.210966777265604,15245,5442,0.5825305073859988,0.3569694981961299,2.91253790317977,,1,,,,211.3185039999953,0.1621309000038309
logistic,cv,0.848315775677114,0.33283994036128134,0.26873122627837276,0.08816925811243165,76222,9342,0.12256303954238934,2.7006517999980133,304887,c56c3c4fc8028c0355ceab697d7136294871c54472afc52e7b6296118c3eba84,d64ca6e17dcb44f51b222aceef517b18722c2977c348a734e594a263d6e572fa,3812,1398,0.14964675658317278,0.36673662119622247,2.9922285100426533,7623,2739,0.2931920359666024,0.3593073593073593,2.931612667643496,15245,5192,0.5557696424748448,0.3405706789111184,2.7787388447830517,,2,,,,,
catboost,cv,0.8573626381769732,0.36986813067999524,0.2645169752670744,0.08664664364359903,76222,9342,0.12256303954238934,198.75590420000663,304887,c56c3c4fc8028c0355ceab697d7136294871c54472afc52e7b6296118c3eba84,d64ca6e17dcb44f51b222aceef517b18722c2977c348a734e594a263d6e572fa,3812,1614,0.17276814386640976,0.4233997901364113,3.454547078117913,7623,3026,0.3239135088846071,0.3969565787747606,3.2387951560019053,15245,5406,0.5786769428387926,0.35460806821908825,2.8932708387706425,,2,304887.0,c56c3c4fc8028c0355ceab697d7136294871c54472afc52e7b6296118c3eba84,,,
lightgbm,cv,0.8564164951538505,0.36501570390588817,0.26493049542219016,0.08685138703619986,76222,9342,0.12256303954238934,12.486705699993763,304887,c56c3c4fc8028c0355ceab697d7136294871c54472afc52e7b6296118c3eba84,d64ca6e17dcb44f51b222aceef517b18722c2977c348a734e594a263d6e572fa,3812,1570,0.16805823164204667,0.4118572927597062,3.3603710735099894,7623,3001,0.32123742239349173,0.3936770300406664,3.212037099524692,15245,5394,0.5773924213230571,0.35382092489340766,2.8868484839676,,2,304887.0,c56c3c4fc8028c0355ceab697d7136294871c54472afc52e7b6296118c3eba84,"[2, 2, 53, 2, 3, 2, 153]",,
xgboost,cv,0.8561939358279581,0.36437625100658044,0.2650231420993805,0.08688383549451828,76222,9342,0.12256303954238934,27.185303800011752,304887,c56c3c4fc8028c0355ceab697d7136294871c54472afc52e7b6296118c3eba84,d64ca6e17dcb44f51b222aceef517b18722c2977c348a734e594a263d6e572fa,3812,1574,0.16848640548062513,0.412906610703043,3.3689325284743465,7623,3004,0.3215585527724256,0.3940705758887577,3.2152480663019576,15245,5389,0.5768572040248341,0.35349294850770746,2.884172502799666,,2,304887.0,c56c3c4fc8028c0355ceab697d7136294871c54472afc52e7b6296118c3eba84,"[2, 2, 53, 2, 3, 2, 153]",,
ensemble_equal_boost,cv,0.8572375711467682,0.36859682191939835,0.2644568109425535,0.08667667213093626,76222,9342,0.12256303954238934,,304887,c56c3c4fc8028c0355ceab697d7136294871c54472afc52e7b6296118c3eba84,d64ca6e17dcb44f51b222aceef517b18722c2977c348a734e594a263d6e572fa,3812,1597,0.1709484050524513,0.4189401888772298,3.418160894519397,7623,3030,0.3243416827231856,0.39748130657221564,3.2430764450382594,15245,5400,0.5780346820809249,0.3542144965562479,2.890059661369121,,2,,,,238.42791370001214,0.17522119999921415
ensemble_cat_light_50_50,cv,0.8574943033929191,0.3695947334333283,0.26434471503724305,0.08662814856722151,76222,9342,0.12256303954238934,,304887,c56c3c4fc8028c0355ceab697d7136294871c54472afc52e7b6296118c3eba84,d64ca6e17dcb44f51b222aceef517b18722c2977c348a734e594a263d6e572fa,3812,1597,0.1709484050524513,0.4189401888772298,3.418160894519397,7623,3026,0.3239135088846071,0.3969565787747606,3.2387951560019053,15245,5394,0.5773924213230571,0.35382092489340766,2.8868484839676,,2,,,,211.2426099000004,0.1748401999939233
logistic,cv,0.8482109465509984,0.3349297621810696,0.26910692618661736,0.08818322252463372,76222,9342,0.12256303954238934,3.8911610999930417,304887,5d42078693ddebd6243d8a8007d8b811b1fb1914edb62a812940032e0111b8f8,212f62cd0382a20404c2517fcb7f571a61976aad99662708a498ff97755c6e6a,3812,1378,0.14750588739028045,0.3614900314795383,2.94942123522087,7623,2746,0.2939413401841148,0.36022563295290566,2.9391049234571156,15245,5225,0.5593020766431172,0.3427353230567399,2.7964003204914185,,3,,,,,
catboost,cv,0.8588721446221161,0.37567263760093716,0.2641337575932161,0.08639304688260138,76222,9342,0.12256303954238934,198.76823510001122,304887,5d42078693ddebd6243d8a8007d8b811b1fb1914edb62a812940032e0111b8f8,212f62cd0382a20404c2517fcb7f571a61976aad99662708a498ff97755c6e6a,3812,1645,0.17608649111539285,0.4315320041972718,3.520898354091677,7623,3024,0.3236994219653179,0.39669421487603307,3.2366545114837284,15245,5477,0.5862770284735602,0.35926533289603146,2.93126977135531,,3,304887.0,5d42078693ddebd6243d8a8007d8b811b1fb1914edb62a812940032e0111b8f8,,,
lightgbm,cv,0.8573219679043759,0.3692651601893347,0.26492101449051914,0.0866703792170583,76222,9342,0.12256303954238934,12.217897099995753,304887,5d42078693ddebd6243d8a8007d8b811b1fb1914edb62a812940032e0111b8f8,212f62cd0382a20404c2517fcb7f571a61976aad99662708a498ff97755c6e6a,3812,1644,0.17597944765574824,0.43126967471143757,3.518757990350588,7623,2998,0.3209162920145579,0.3932834841925751,3.2088261327474266,15245,5396,0.5776065082423464,0.3539521154476878,2.887918876434774,,3,304887.0,5d42078693ddebd6243d8a8007d8b811b1fb1914edb62a812940032e0111b8f8,"[2, 2, 53, 2, 3, 2, 154]",,
xgboost,cv,0.8573789899937413,0.3692624298520905,0.264860063791275,0.08666199445724487,76222,9342,0.12256303954238934,26.615518599995994,304887,5d42078693ddebd6243d8a8007d8b811b1fb1914edb62a812940032e0111b8f8,212f62cd0382a20404c2517fcb7f571a61976aad99662708a498ff97755c6e6a,3812,1647,0.17630057803468208,0.4320566631689402,3.5251790815738557,7623,3006,0.3217726396917148,0.39433293978748524,3.217388710820135,15245,5403,0.5783558124598587,0.3544112823876681,2.891665250069882,,3,304887.0,5d42078693ddebd6243d8a8007d8b811b1fb1914edb62a812940032e0111b8f8,"[2, 2, 53, 2, 3, 2, 154]",,
ensemble_equal_boost,cv,0.8584322116881729,0.3733726311011327,0.2642769968622064,0.08646267272809623,76222,9342,0.12256303954238934,,304887,5d42078693ddebd6243d8a8007d8b811b1fb1914edb62a812940032e0111b8f8,212f62cd0382a20404c2517fcb7f571a61976aad99662708a498ff97755c6e6a,3812,1647,0.17630057803468208,0.4320566631689402,3.5251790815738557,7623,3012,0.32241490044958254,0.39512003148366787,3.2238106443746664,15245,5440,0.5823164204667095,0.35683830764184976,2.911467510712596,,3,,,,237.60165080000297,0.15401489999203477
ensemble_cat_light_50_50,cv,0.8587341589124179,0.3745673725675851,0.26414971288589556,0.08641397209580651,76222,9342,0.12256303954238934,,304887,5d42078693ddebd6243d8a8007d8b811b1fb1914edb62a812940032e0111b8f8,212f62cd0382a20404c2517fcb7f571a61976aad99662708a498ff97755c6e6a,3812,1655,0.177156925711839,0.43415529905561384,3.5423019915025686,7623,3013,0.32252194390922717,0.3952512134330316,3.2248809666337546,15245,5456,0.5840291158210233,0.35788783207609054,2.9200306504499864,,3,,,,210.98613220000698,0.15813060000073165
logistic,cv,0.8500855603430615,0.3407824261966967,0.2686546618062435,0.08785812490858837,76222,9342,0.12256303954238934,2.986855499999365,304887,440f47cc9427110e0190e3852b7fdeef0ed3d7030cdef20e047820d30abeed7c,4925059a09e19a723be787a2f6a43ae4b072f8020915521f9a3331e2fc06de31,3812,1445,0.1546777991864697,0.3790661070304302,3.092825605873844,7623,2820,0.3018625561978163,0.36993309720582446,3.0183087706296674,15245,5250,0.5619781631342325,0.34437520498524105,2.80978022633109,,4,,,,,
catboost,cv,0.8598192903774075,0.37587176312745396,0.26389290228623863,0.08621430586825975,76222,9342,0.12256303954238934,182.11674250000215,304887,440f47cc9427110e0190e3852b7fdeef0ed3d7030cdef20e047820d30abeed7c,4925059a09e19a723be787a2f6a43ae4b072f8020915521f9a3331e2fc06de31,3812,1641,0.17565831727681439,0.43048268625393493,3.5123368991273205,7623,3062,0.3277670734318133,0.4016791289518562,3.2773267573290927,15245,5480,0.5865981588524941,0.3594621187274516,2.932875360056071,,4,304887.0,440f47cc9427110e0190e3852b7fdeef0ed3d7030cdef20e047820d30abeed7c,,,
lightgbm,cv,0.8587029341687845,0.37121006665396195,0.2645681250194942,0.08644852054532473,76222,9342,0.12256303954238934,11.237844000002951,304887,440f47cc9427110e0190e3852b7fdeef0ed3d7030cdef20e047820d30abeed7c,4925059a09e19a723be787a2f6a43ae4b072f8020915521f9a3331e2fc06de31,3812,1629,0.174373795761079,0.42733473242392445,3.4866525342342505,7623,3061,0.3276600299721687,0.40154794700249247,3.276256435070004,15245,5479,0.5864911153928495,0.3593965234503116,2.9323401638224844,,4,304887.0,440f47cc9427110e0190e3852b7fdeef0ed3d7030cdef20e047820d30abeed7c,"[2, 2, 53, 2, 3, 2, 153]",,
xgboost,cv,0.8585771957161618,0.37132524993589966,0.26464471220970154,0.08644458651542664,76222,9342,0.12256303954238934,26.07743949998985,304887,440f47cc9427110e0190e3852b7fdeef0ed3d7030cdef20e047820d30abeed7c,4925059a09e19a723be787a2f6a43ae4b072f8020915521f9a3331e2fc06de31,3812,1628,0.17426675230143437,0.42707240293809023,3.4845121704931614,7623,3037,0.32509098694069793,0.39839958021776206,3.2505687008518795,15245,5464,0.5848854634981803,0.3584125942932109,2.924312220318681,,4,304887.0,440f47cc9427110e0190e3852b7fdeef0ed3d7030cdef20e047820d30abeed7c,"[2, 2, 53, 2, 3, 2, 153]",,
ensemble_equal_boost,cv,0.8596666982291221,0.3749655509995467,0.2639618879828383,0.08624889827194149,76222,9342,0.12256303954238934,,304887,440f47cc9427110e0190e3852b7fdeef0ed3d7030cdef20e047820d30abeed7c,4925059a09e19a723be787a2f6a43ae4b072f8020915521f9a3331e2fc06de31,3812,1641,0.17565831727681439,0.43048268625393493,3.5123368991273205,7623,3067,0.3283022907300364,0.40233503869867504,3.282678368624535,15245,5487,0.5873474630700064,0.3599212856674319,2.936621733691179,,4,,,,219.43202599999495,0.1550544999918202
ensemble_cat_light_50_50,cv,0.8599232352105888,0.37583742289425043,0.26381316650531234,0.08620530642191097,76222,9342,0.12256303954238934,,304887,440f47cc9427110e0190e3852b7fdeef0ed3d7030cdef20e047820d30abeed7c,4925059a09e19a723be787a2f6a43ae4b072f8020915521f9a3331e2fc06de31,3812,1648,0.1764076214943267,0.4323189926547744,3.527319445314945,7623,3079,0.3295868122457718,0.4039092220910403,3.295522235733598,15245,5481,0.5867052023121387,0.35952771400459166,2.9334105562896577,,4,,,,193.3545865000051,0.1482244999933755
logistic,cv,0.8516890370835557,0.34179928202107057,0.2680729066484559,0.08765267548854302,76221,9342,0.12256464753808005,3.0290727999963565,304888,7be96a122481066a22b2552f75d28173dd7013be5706c5fc41ec59ae9c3e2823,b0e7e83efa5bef8460b79a7753668ab8df36a0124cc03c979484de7ee7142103,3812,1422,0.15221579961464354,0.37303252885624344,3.043557309136345,7623,2793,0.2989723827874117,0.36639118457300274,2.9893708498542972,15245,5354,0.5731106829372725,0.3511971138078058,2.8654030412700457,,5,,,,,
catboost,cv,0.8605014864522262,0.37707174128224763,0.2635811771756005,0.08612046127896773,76221,9342,0.12256464753808005,182.552371400001,304888,7be96a122481066a22b2552f75d28173dd7013be5706c5fc41ec59ae9c3e2823,b0e7e83efa5bef8460b79a7753668ab8df36a0124cc03c979484de7ee7142103,3812,1659,0.17758509955041746,0.4352046169989507,3.550816860659069,7623,3072,0.32883750802825945,0.4029909484454939,3.287986842374651,15245,5506,0.5893812888032541,0.36116759593309283,2.94675180150035,,5,304888.0,7be96a122481066a22b2552f75d28173dd7013be5706c5fc41ec59ae9c3e2823,,,
lightgbm,cv,0.8594555923519749,0.3724056480416581,0.2640810121251698,0.08631354334950848,76221,9342,0.12256464753808005,10.998948699998436,304888,7be96a122481066a22b2552f75d28173dd7013be5706c5fc41ec59ae9c3e2823,b0e7e83efa5bef8460b79a7753668ab8df36a0124cc03c979484de7ee7142103,3812,1638,0.17533718689788053,0.4296956977964323,3.5058698117899665,7623,3037,0.32509098694069793,0.39839958021776206,3.250526054782492,15245,5501,0.588846071505031,0.3608396195473926,2.9440758554401425,,5,304888.0,7be96a122481066a22b2552f75d28173dd7013be5706c5fc41ec59ae9c3e2823,"[2, 2, 53, 2, 3, 2, 153]",,
xgboost,cv,0.8594717811567203,0.37393993658058594,0.26408255100250244,0.08628819137811661,76221,9342,0.12256464753808005,26.17907520000881,304888,7be96a122481066a22b2552f75d28173dd7013be5706c5fc41ec59ae9c3e2823,b0e7e83efa5bef8460b79a7753668ab8df36a0124cc03c979484de7ee7142103,3812,1654,0.1770498822521944,0.43389296956977963,3.5401151823569017,7623,3045,0.32594733461785486,0.39944903581267216,3.259088520517843,15245,5492,0.5878826803682295,0.3602492620531322,2.9392591525317693,,5,304888.0,7be96a122481066a22b2552f75d28173dd7013be5706c5fc41ec59ae9c3e2823,"[2, 2, 53, 2, 3, 2, 153]",,
ensemble_equal_boost,cv,0.8603819586703697,0.3769140902993914,0.2635270351252863,0.08612476406825796,76221,9342,0.12256464753808005,,304888,7be96a122481066a22b2552f75d28173dd7013be5706c5fc41ec59ae9c3e2823,b0e7e83efa5bef8460b79a7753668ab8df36a0124cc03c979484de7ee7142103,3812,1664,0.17812031684864055,0.43651626442812175,3.561518538961236,7623,3066,0.3281952472703918,0.4022038567493113,3.2815649930731383,15245,5507,0.5894883322628988,0.36123319121023284,2.9472869907123913,,5,,,,219.73039530000824,0.1673443000036059
ensemble_cat_light_50_50,cv,0.8605745453460338,0.37734963027284113,0.26343277830757894,0.08609669951701682,76221,9342,0.12256464753808005,,304888,7be96a122481066a22b2552f75d28173dd7013be5706c5fc41ec59ae9c3e2823,b0e7e83efa5bef8460b79a7753668ab8df36a0124cc03c979484de7ee7142103,3812,1657,0.17737101263112823,0.43467995802728226,3.546536189338202,7623,3068,0.328409334189681,0.40246622064803883,3.283705609506976,15245,5514,0.590237636480411,0.36169235815021317,2.9510333151966814,,5,,,,193.55132009999943,0.1494111000065459
