model,evaluation,segment,selected_count,responders_captured,responder_capture_rate,response_rate,lift
logistic,holdout,top_5_pct,3812,1408,0.15071719117961893,0.36935991605456453,3.013632147453545
logistic,holdout,top_10_pct,7623,2765,0.29597516591736245,0.3627180899908173,2.959441046379798
logistic,holdout,top_20_pct,15245,5239,0.5608006850781417,0.3436536569367006,2.8038930677616345
catboost,holdout,top_5_pct,3812,1590,0.170199100834939,0.41710388247639035,3.4031783483317732
catboost,holdout,top_10_pct,7623,3013,0.32252194390922717,0.3952512134330316,3.2248809666337546
catboost,holdout,top_20_pct,15245,5441,0.5824234639263541,0.3569039029189898,2.912002706946183
lightgbm,holdout,top_5_pct,3812,1588,0.16998501391564974,0.41657922350472193,3.3988976208495947
lightgbm,holdout,top_10_pct,7623,3021,0.3233782915863841,0.39630066902794175,3.233443544706463
lightgbm,holdout,top_20_pct,15245,5422,0.5803896381931064,0.35565759265332897,2.9018339785080327
xgboost,holdout,top_5_pct,3812,1579,0.16902162277884822,0.4142182581322141,3.3796343471797923
xgboost,holdout,top_10_pct,7623,2990,0.320059944337401,0.392234028597665,3.2002635546747182
xgboost,holdout,top_20_pct,15245,5465,0.5849925069578249,0.35847818957035094,2.924847416552268
ensemble_equal_boost,holdout,top_5_pct,3812,1592,0.17041318775422823,0.4176285414480588,3.4074590758139514
ensemble_equal_boost,holdout,top_10_pct,7623,3027,0.32402055234425176,0.3970877607241244,3.2398654782609944
ensemble_equal_boost,holdout,top_20_pct,15245,5431,0.581353029329908,0.35624795014758937,2.9066507446103143
ensemble_cat_light_50_50,holdout,top_5_pct,3812,1583,0.16944979661742668,0.41526757607555087,3.388195802144149
ensemble_cat_light_50_50,holdout,top_10_pct,7623,3031,0.3244487261828302,0.39761248852157943,3.244146767297348
ensemble_cat_light_50_50,holdout,top_20_pct,15245,5441,0.5824234639263541,0.3569039029189898,2.912002706946183
logistic,pooled_oof,top_5_pct,19056,7065,0.151252408477842,0.3707493702770781,3.024960859707278
logistic,pooled_oof,top_10_pct,38111,13848,0.2964675658317277,0.3633596599406995,2.9646678792622576
logistic,pooled_oof,top_20_pct,76222,26245,0.5618711196745879,0.34432316129201546,2.8093482268644556
catboost,pooled_oof,top_5_pct,19056,8174,0.17499464782701776,0.42894626364399663,3.4997919415778185
catboost,pooled_oof,top_10_pct,38111,15195,0.32530507385998714,0.3987037863084149,3.2530422028733397
catboost,pooled_oof,top_20_pct,76222,27321,0.5849068721901092,0.3584398205242581,2.924526687222853
lightgbm,pooled_oof,top_5_pct,19056,8077,0.17291800470991223,0.42385600335852225,3.4582602779696647
lightgbm,pooled_oof,top_10_pct,38111,15074,0.32271462213658747,0.39552884993833803,3.2271377536105774
lightgbm,pooled_oof,top_20_pct,76222,27198,0.5822736030828516,0.3568261131956653,2.9113603762339286
xgboost,pooled_oof,top_5_pct,19056,8113,0.17368871761935345,0.4257451721242653,3.4736740912675366
xgboost,pooled_oof,top_10_pct,38111,15089,0.3230357525155213,0.3959224370916533,3.2303490489737294
xgboost,pooled_oof,top_20_pct,76222,27163,0.5815242988653393,0.3563669281834641,2.9076138649769177
ensemble_equal_boost,pooled_oof,top_5_pct,19056,8154,0.1745664739884393,0.42789672544080604,3.49122871196789
ensemble_equal_boost,pooled_oof,top_10_pct,38111,15177,0.32491971740526654,0.3982314817244365,3.2491886484375567
ensemble_equal_boost,pooled_oof,top_20_pct,76222,27265,0.5837079854420895,0.3577051245047362,2.9185322692116356
ensemble_cat_light_50_50,pooled_oof,top_5_pct,19056,8148,0.17443802183686577,0.4275818639798489,3.4886597430849116
ensemble_cat_light_50_50,pooled_oof,top_10_pct,38111,15179,0.3249625347891244,0.3982839600115452,3.2496168211526433
ensemble_cat_light_50_50,pooled_oof,top_20_pct,76222,27278,0.5839862984371655,0.35787567893783945,2.919923830535668
