model,metric,completed_folds,mean,std
catboost,roc_auc,5,0.8589346948803284,0.0012629083082758015
catboost,average_precision,5,0.3741605189628635,0.0029794446262904556
catboost,log_loss,5,0.26403767380917587,0.00034241052724953485
catboost,brier_score,5,0.08637641563843314,0.00021348694655019528
catboost,top_10_lift,5,3.253556975668262,0.027194431539422238
catboost,top_10_responder_capture_rate,5,0.3253907086277029,0.0027210944334380024
catboost,fit_and_score_seconds,5,192.08433324000217,8.90428662113184
ensemble_cat_light_50_50,roc_auc,5,0.8590179399548301,0.0012321655682121947
ensemble_cat_light_50_50,average_precision,5,0.37421799758743535,0.0029220705842426032
ensemble_cat_light_50_50,log_loss,5,0.26391076430934707,0.000351025608749053
ensemble_cat_light_50_50,brier_score,5,0.08635688201338261,0.00020884845834519766
ensemble_cat_light_50_50,top_10_lift,5,3.2507741490283677,0.03703191990749524
ensemble_cat_light_50_50,top_10_responder_capture_rate,5,0.32511239563262684,0.0037045389197638253
ensemble_cat_light_50_50,member_fit_and_score_seconds,5,204.09063054000143,9.7118563215555
ensemble_cat_light_50_50,blend_and_score_seconds,5,0.15854745999968145,0.010822485484605548
ensemble_equal_boost,roc_auc,5,0.8587737079138209,0.0012499125044142794
ensemble_equal_boost,average_precision,5,0.3733320966805218,0.0030900832433173086
ensemble_equal_boost,log_loss,5,0.26402406221828956,0.00035991202590076064
ensemble_equal_boost,brier_score,5,0.0863975816146199,0.00021485040562848747
ensemble_equal_boost,top_10_lift,5,3.2464928656088814,0.03572441077594465
ensemble_equal_boost,top_10_responder_capture_rate,5,0.3246842217940484,0.0035738731820074234
ensemble_equal_boost,member_fit_and_score_seconds,5,230.96798510000227,10.420645902060041
ensemble_equal_boost,blend_and_score_seconds,5,0.16202833999705035,0.009049335540819745
lightgbm,roc_auc,5,0.8578548548415602,0.0012106320156910844
lightgbm,average_precision,5,0.36970433119862456,0.002854304740946431
lightgbm,log_loss,5,0.26457036844433257,0.00036747641306329563
lightgbm,brier_score,5,0.08658078205395152,0.00020718872918015272
lightgbm,top_10_lift,5,3.2265849530344184,0.036309869250998564
lightgbm,top_10_responder_capture_rate,5,0.3226932134446585,0.003632071500331501
lightgbm,fit_and_score_seconds,5,12.006297299999279,0.8739918716034858
logistic,roc_auc,5,0.849335470898707,0.001526987137107323
logistic,average_precision,5,0.3365964672270951,0.0043933602247457435
logistic,log_loss,5,0.26872266041782467,0.0004123441589997304
logistic,brier_score,5,0.0880125462983328,0.0002459548215392298
logistic,top_10_lift,5,2.960931653586526,0.04073997067463743
logistic,top_10_responder_capture_rate,5,0.2961250267608649,0.004075109502187818
logistic,fit_and_score_seconds,5,3.217965379997622,0.4689503023571288
xgboost,roc_auc,5,0.8577688744077333,0.001273211943602065
xgboost,average_precision,5,0.3695788699226986,0.0035207358434278554
xgboost,log_loss,5,0.26460707783699033,0.00036974232827753005
xgboost,brier_score,5,0.08658662140369415,0.0002279578328472199
xgboost,top_10_lift,5,3.227869317277853,0.02602263708390978
xgboost,top_10_responder_capture_rate,5,0.32282166559623204,0.002603819779269635
xgboost,fit_and_score_seconds,5,26.87735456000082,0.9218715487166325
