target_capacity_fraction,selected_count,actual_capacity_fraction,responders_captured,capture_rate
0.0,0,0.0,0,0.0
0.01,763,0.010010233265986199,369,0.0394990366088632
0.02,1525,0.02000734696019522,696,0.07450224791265253
0.03,2287,0.03000446065440424,1003,0.10736459002354956
0.04,3049,0.04000157434861326,1310,0.1402269321344466
0.05,3812,0.05001180761459946,1590,0.170199100834939
0.06,4574,0.06000892130880848,1882,0.20145579105116676
0.07,5336,0.0700060350030175,2178,0.23314065510597304
0.08,6098,0.08000314869722652,2450,0.2622564761293085
0.09,6860,0.09000026239143555,2741,0.2934061228858917
0.1,7623,0.10001049565742175,3013,0.32252194390922717
0.11,8385,0.11000760935163076,3279,0.35099550417469494
0.12,9147,0.12000472304583978,3538,0.3787197602226504
0.13,9909,0.1300018367400488,3777,0.40430314707771353
0.14,10672,0.140012070006035,4037,0.43213444658531364
0.15,11434,0.15000918370024402,4258,0.4557910511667737
0.16,12196,0.16000629739445305,4528,0.48469278527081994
0.17,12958,0.17000341108866207,4784,0.5120959109398415
0.18,13720,0.1800005247828711,4997,0.5348961678441447
0.19,14483,0.19001075804885728,5222,0.5589809462641833
0.2,15245,0.2000078717430663,5441,0.5824234639263541
0.21,16007,0.21000498543727533,5668,0.6067223292656818
0.22,16769,0.22000209913148436,5881,0.629522586169985
0.23,17532,0.23001233239747054,6077,0.6505031042603296
0.24,18294,0.24000944609167957,6278,0.6720188396488974
0.25,19056,0.2500065597858886,6478,0.6934275315778206
0.26,19818,0.2600036734800976,6682,0.7152643973453222
0.27,20580,0.27000078717430664,6867,0.7350674373795761
0.28,21343,0.2800110204402928,7062,0.7559409120102761
0.29,22105,0.2900081341345018,7255,0.776600299721687
0.3,22867,0.30000524782871085,7428,0.7951188182402055
0.31,23629,0.3100023615229199,7585,0.8119246414044102
0.32,24392,0.3200125947889061,7753,0.8299079426247057
0.33,25154,0.3300097084831151,7887,0.8442517662170841
0.34,25916,0.34000682217732414,8015,0.8579533290515949
0.35,26678,0.35000393587153317,8144,0.8717619353457504
0.36,27440,0.3600010495657422,8279,0.8862128023977734
0.37,28203,0.37001128283172835,8375,0.8964889745236566
0.38,28965,0.3800083965259374,8483,0.9080496681652751
0.39,29727,0.3900055102201464,8584,0.9188610575893813
0.4,30489,0.4000026239143554,8673,0.9283879254977521
0.41,31252,0.41001285718034164,8762,0.9379147934061229
0.42,32014,0.42000997087455066,8852,0.9475487047741383
0.43,32776,0.4300070845687597,8927,0.9555769642474845
0.44,33538,0.4400041982629687,9002,0.9636052237208307
0.45,34300,0.45000131195717774,9051,0.9688503532434168
0.46,35063,0.4600115452231639,9107,0.9748447869835153
0.47,35825,0.4700086589173729,9155,0.9799828730464568
0.48,36587,0.48000577261158195,9189,0.9836223506743738
0.49,37349,0.490002886305791,9227,0.9876900021408692
0.5,38111,0.5,9246,0.989723827874117
0.51,38874,0.5100102332659862,9265,0.9917576536073646
0.52,39636,0.5200073469601952,9282,0.993577392421323
0.53,40398,0.5300044606544042,9301,0.9956112181545708
0.54,41160,0.5400015743486133,9308,0.9963605223720831
0.55,41923,0.5500118076145994,9317,0.9973239135088846
0.56,42685,0.5600089213088085,9320,0.9976450438878185
0.57,43447,0.5700060350030175,9330,0.9987154784842646
0.58,44209,0.5800031486972265,9330,0.9987154784842646
0.59,44971,0.5900002623914355,9331,0.9988225219439092
0.6,45734,0.6000104956574217,9331,0.9988225219439092
0.61,46496,0.6100076093516308,9331,0.9988225219439092
0.62,47258,0.6200047230458398,9332,0.9989295654035538
0.63,48020,0.6300018367400488,9333,0.9990366088631984
0.64,48783,0.640012070006035,9335,0.9992506957824877
0.65,49545,0.6500091837002441,9335,0.9992506957824877
0.66,50307,0.660006297394453,9335,0.9992506957824877
0.67,51069,0.670003411088662,9336,0.9993577392421323
0.68,51831,0.6800005247828711,9336,0.9993577392421323
0.69,52594,0.6900107580488573,9336,0.9993577392421323
0.7,53356,0.7000078717430663,9336,0.9993577392421323
0.71,54118,0.7100049854372753,9336,0.9993577392421323
0.72,54880,0.7200020991314844,9336,0.9993577392421323
0.73,55643,0.7300123323974705,9336,0.9993577392421323
0.74,56405,0.7400094460916795,9336,0.9993577392421323
0.75,57167,0.7500065597858886,9336,0.9993577392421323
0.76,57929,0.7600036734800976,9337,0.999464782701777
0.77,58691,0.7700007871743066,9338,0.9995718261614215
0.78,59454,0.7800110204402928,9338,0.9995718261614215
0.79,60216,0.7900081341345019,9338,0.9995718261614215
0.8,60978,0.8000052478287109,9338,0.9995718261614215
0.81,61740,0.8100023615229199,9339,0.9996788696210661
0.82,62503,0.8200125947889061,9339,0.9996788696210661
0.83,63265,0.8300097084831151,9339,0.9996788696210661
0.84,64027,0.8400068221773241,9339,0.9996788696210661
0.85,64789,0.8500039358715331,9339,0.9996788696210661
0.86,65551,0.8600010495657422,9339,0.9996788696210661
0.87,66314,0.8700112828317283,9339,0.9996788696210661
0.88,67076,0.8800083965259374,9340,0.9997859130807107
0.89,67838,0.8900055102201464,9341,0.9998929565403554
0.9,68600,0.9000026239143555,9341,0.9998929565403554
0.91,69363,0.9100128571803416,9341,0.9998929565403554
0.92,70125,0.9200099708745506,9342,1.0
0.93,70887,0.9300070845687597,9342,1.0
0.94,71649,0.9400041982629687,9342,1.0
0.95,72411,0.9500013119571777,9342,1.0
0.96,73174,0.9600115452231639,9342,1.0
0.97,73936,0.970008658917373,9342,1.0
0.98,74698,0.980005772611582,9342,1.0
0.99,75460,0.990002886305791,9342,1.0
1.0,76222,1.0,9342,1.0
